epoch,step,test_loss,train_loss,training_total_time,val_loss
0,413,,,,0.01690472848713398
0,413,,0.051075078547000885,,
1,827,,,,0.015360141173005104
1,827,,0.0106764305382967,,
,0,,,173.2541139125824,
2,828,0.021273579448461533,,,
