epoch,step,test_loss,train_loss,training_total_time,val_loss
0,413,,,,0.016433686017990112
0,413,,0.045236196368932724,,
1,827,,,,0.02315877005457878
1,827,,0.009512967430055141,,
,0,,,112.38905882835388,
2,828,0.01618213951587677,,,
