epoch,step,test_loss,train_loss,training_total_time,val_loss
0,413,,,,0.012762962840497494
0,413,,0.03745504841208458,,
1,827,,,,0.014812611043453217
1,827,,0.00847091618925333,,
,0,,,110.8794436454773,
2,828,0.01663263887166977,,,
