epoch,step,test_loss,train_loss,training_total_time,val_loss
0,413,,,,0.024721497669816017
0,413,,0.06621462851762772,,
1,827,,,,0.017979269847273827
1,827,,0.014063154347240925,,
,0,,,209.32673740386963,
2,828,0.02010854333639145,,,
