epoch,step,test_loss,train_loss,training_total_time,val_loss
0,413,,,,0.024222034960985184
0,413,,0.07251080125570297,,
1,827,,,,0.014874261803925037
1,827,,0.015029102563858032,,
,0,,,173.15353059768677,
2,828,0.018173666670918465,,,
