epoch,step,test_loss,train_loss,training_total_time,val_loss
0,413,,,,0.023803221061825752
0,413,,0.06327904015779495,,
1,827,,,,0.021758759394288063
1,827,,0.013377747498452663,,
,0,,,175.3595643043518,
2,828,0.018115948885679245,,,
