epoch,step,test_loss,train_loss,training_total_time,val_loss
0,413,,,,0.024731285870075226
0,413,,0.06998135894536972,,
1,827,,,,0.013706415891647339
1,827,,0.015175998210906982,,
,0,,,177.61604833602905,
2,828,0.020042184740304947,,,
