epoch,step,test_loss,train_loss,training_total_time,val_loss
0,413,,,,0.030584396794438362
0,413,,0.06069985404610634,,
1,827,,,,0.028652861714363098
1,827,,0.014350008219480515,,
,0,,,177.8763234615326,
2,828,0.026912687346339226,,,
