epoch,step,test_loss,train_loss,training_total_time,val_loss
0,413,,,,0.026642175391316414
0,413,,0.06843411177396774,,
1,827,,,,0.017140984535217285
1,827,,0.014856381341814995,,
,0,,,112.14662194252014,
2,828,0.015299622900784016,,,
