epoch,step,test_loss,train_loss,training_total_time,val_loss
0,413,,,,0.021760674193501472
0,413,,0.03961124271154404,,
1,827,,,,0.010641765780746937
1,827,,0.008631191216409206,,
,0,,,170.1003873348236,
2,828,0.013729069381952286,,,
