epoch,step,test_loss,train_loss,training_total_time,val_loss
0,413,,,,0.013794650323688984
0,413,,0.03802415356040001,,
1,827,,,,0.021150365471839905
1,827,,0.009262872859835625,,
,0,,,168.77716732025146,
2,828,0.018806803971529007,,,
