epoch,step,test_loss,train_loss,training_total_time,val_loss
0,413,,,,0.017351360991597176
0,413,,0.0505480095744133,,
1,827,,,,0.014599928632378578
1,827,,0.01030706986784935,,
,0,,,176.90694522857666,
2,828,0.019476044923067093,,,
